Ticker;Fecha;Price
ACS;15/10/2021 17:36;22.73
ACS;22/10/2021 17:36;23.06
ACS;29/10/2021 17:36;22.63
ACS;05/11/2021 17:36;23.31
ACS;12/11/2021 17:36;23.18
ACS;19/11/2021 17:36;21.73
ACS;26/11/2021 17:36;21.02
ACS;03/12/2021 17:36;21.35
ACS;10/12/2021 17:36;21.44
ACS;17/12/2021 17:36;21.75
ACS;23/12/2021 17:36;22.99
ACS;30/12/2021 17:36;23.57
ACS;07/01/2022 17:36;23.73
ACS;14/01/2022 17:36;23.99
ACS;21/01/2022 17:36;23.11
ACS;28/01/2022 17:36;22.25
ACS;04/02/2022 17:36;22.41
ACS;11/02/2022 17:36;22.6
ACS;18/02/2022 17:36;22.32
ACS;25/02/2022 17:36;21.84
ACS;04/03/2022 17:36;21.27
ACS;11/03/2022 17:36;23.34
ACS;18/03/2022 17:36;24.1
ACS;25/03/2022 17:36;24.62
ACS;01/04/2022 17:36;24.59
ACS;08/04/2022 17:36;24.07
ACS;14/04/2022 17:36;24.91
ACS;22/04/2022 17:36;24.56
ACS;29/04/2022 17:36;24.59
ACS;06/05/2022 17:36;24.22
ACS;13/05/2022 17:36;24.31
ACS;20/05/2022 17:36;25.43
ACS;27/05/2022 17:36;26.6
ACS;03/06/2022 17:36;26.53
ACS;10/06/2022 17:36;25.32
ACS;17/06/2022 17:36;24.49
ACS;24/06/2022 17:36;23.8
ACS;01/07/2022 17:36;21.59
ACS;08/07/2022 17:36;21.69
ACS;15/07/2022 17:36;21.61
ACS;22/07/2022 17:36;22.22
ACS;29/07/2022 17:36;23.41
ACS;05/08/2022 17:36;23.14
ACS;12/08/2022 17:36;23.98
ACS;19/08/2022 17:36;23.88
ACS;26/08/2022 17:36;22.42
ACS;02/09/2022 17:36;22.62
ACS;09/09/2022 17:36;23.01
ACS;16/09/2022 17:36;22.92
ACS;23/09/2022 17:36;22.13
ACS;30/09/2022 17:36;23.13
ACX;15/10/2021 17:36;12.15
ACX;22/10/2021 17:36;11.59
ACX;29/10/2021 17:36;12.04
ACX;05/11/2021 17:36;11.22
ACX;12/11/2021 17:36;11.06
ACX;19/11/2021 17:36;10.45
ACX;26/11/2021 17:36;10.11
ACX;03/12/2021 17:36;9.86
ACX;10/12/2021 17:36;10.26
ACX;17/12/2021 17:36;10.9
ACX;23/12/2021 17:36;11.18
ACX;30/12/2021 17:36;11.39
ACX;07/01/2022 17:36;12.01
ACX;14/01/2022 17:36;12.68
ACX;21/01/2022 17:36;12.02
ACX;28/01/2022 17:36;11.04
ACX;04/02/2022 17:36;11.41
ACX;11/02/2022 17:36;11.65
ACX;18/02/2022 17:36;11.51
ACX;25/02/2022 17:36;11.37
ACX;04/03/2022 17:36;10.31
ACX;11/03/2022 17:36;9.43
ACX;18/03/2022 17:36;9.98
ACX;25/03/2022 17:36;10.32
ACX;01/04/2022 17:36;10.15
ACX;08/04/2022 17:36;9.44
ACX;14/04/2022 17:36;9.98
ACX;22/04/2022 17:36;9.92
ACX;29/04/2022 17:36;10.09
ACX;06/05/2022 17:36;9.99
ACX;13/05/2022 17:36;10.44
ACX;20/05/2022 17:36;10.65
ACX;27/05/2022 17:36;12
ACX;03/06/2022 17:36;11.81
ACX;10/06/2022 17:36;11.29
ACX;17/06/2022 17:36;10.1
ACX;24/06/2022 17:36;9.68
ACX;01/07/2022 17:36;8.72
ACX;08/07/2022 17:36;8.63
ACX;15/07/2022 17:36;8.42
ACX;22/07/2022 17:36;8.9
ACX;29/07/2022 17:36;9.5
ACX;05/08/2022 17:36;9.36
ACX;12/08/2022 17:36;9.59
ACX;19/08/2022 17:36;9.3
ACX;26/08/2022 17:36;9.16
ACX;02/09/2022 17:36;9.03
ACX;09/09/2022 17:36;8.94
ACX;16/09/2022 17:36;8.62
ACX;23/09/2022 17:36;8.29
ACX;30/09/2022 17:36;8.2
AENA;15/10/2021 17:36;145.55
AENA;22/10/2021 17:36;141.95
AENA;29/10/2021 17:36;141.65
AENA;05/11/2021 17:36;151.25
AENA;12/11/2021 17:36;146.95
AENA;19/11/2021 17:36;136.6
AENA;26/11/2021 17:36;128.45
AENA;03/12/2021 17:36;130.35
AENA;10/12/2021 17:36;129.85
AENA;17/12/2021 17:36;132.85
AENA;23/12/2021 17:36;136.85
AENA;30/12/2021 17:36;138.8
AENA;07/01/2022 17:36;144.4
AENA;14/01/2022 17:36;149
AENA;21/01/2022 17:36;147.85
AENA;28/01/2022 17:36;143.75
AENA;04/02/2022 17:36;143.7
AENA;11/02/2022 17:36;153.45
AENA;18/02/2022 17:36;149.55
AENA;25/02/2022 17:36;146.3
AENA;04/03/2022 17:36;131.4
AENA;11/03/2022 17:36;133.7
AENA;18/03/2022 17:36;150
AENA;25/03/2022 17:36;146.95
AENA;01/04/2022 17:36;147.15
AENA;08/04/2022 17:36;145.2
AENA;14/04/2022 17:36;151.65
AENA;22/04/2022 17:36;148.85
AENA;29/04/2022 17:36;136.3
AENA;06/05/2022 17:36;133.15
AENA;13/05/2022 17:36;132.95
AENA;20/05/2022 17:36;135.8
AENA;27/05/2022 17:36;142.75
AENA;03/06/2022 17:36;140.65
AENA;10/06/2022 17:36;138.15
AENA;17/06/2022 17:36;136.8
AENA;24/06/2022 17:36;129.8
AENA;01/07/2022 17:36;123.85
AENA;08/07/2022 17:36;122
AENA;15/07/2022 17:36;122.85
AENA;22/07/2022 17:36;125.5
AENA;29/07/2022 17:36;123
AENA;05/08/2022 17:36;125.2
AENA;12/08/2022 17:36;127.4
AENA;19/08/2022 17:36;126.05
AENA;26/08/2022 17:36;124.4
AENA;02/09/2022 17:36;122.35
AENA;09/09/2022 17:36;120.15
AENA;16/09/2022 17:36;115.1
AENA;23/09/2022 17:36;109
AENA;30/09/2022 17:36;106.9
AMS;15/10/2021 17:36;60.46
AMS;22/10/2021 17:36;55.4
AMS;29/10/2021 17:36;57.84
AMS;05/11/2021 17:36;61.94
AMS;12/11/2021 17:36;62.14
AMS;19/11/2021 17:36;60.2
AMS;26/11/2021 17:36;56.74
AMS;03/12/2021 17:36;56.88
AMS;10/12/2021 17:36;57.56
AMS;17/12/2021 17:36;55.66
AMS;23/12/2021 17:36;58.58
AMS;30/12/2021 17:36;59.64
AMS;07/01/2022 17:36;62.48
AMS;14/01/2022 17:36;62.84
AMS;21/01/2022 17:36;62.3
AMS;28/01/2022 17:36;59.14
AMS;04/02/2022 17:36;61.2
AMS;11/02/2022 17:36;61.24
AMS;18/02/2022 17:36;61.34
AMS;25/02/2022 17:36;59.5
AMS;04/03/2022 17:36;52.88
AMS;11/03/2022 17:36;52.88
AMS;18/03/2022 17:36;56
AMS;25/03/2022 17:36;56.6
AMS;01/04/2022 17:36;58.46
AMS;08/04/2022 17:36;56.54
AMS;14/04/2022 17:36;56.88
AMS;22/04/2022 17:36;59.12
AMS;29/04/2022 17:36;60.4
AMS;06/05/2022 17:36;60
AMS;13/05/2022 17:36;58.74
AMS;20/05/2022 17:36;59.1
AMS;27/05/2022 17:36;60.34
AMS;03/06/2022 17:36;56.56
AMS;10/06/2022 17:36;53.72
AMS;17/06/2022 17:36;52.5
AMS;24/06/2022 17:36;53.26
AMS;01/07/2022 17:36;52.96
AMS;08/07/2022 17:36;53.52
AMS;15/07/2022 17:36;54.68
AMS;22/07/2022 17:36;56
AMS;29/07/2022 17:36;56.68
AMS;05/08/2022 17:36;54.94
AMS;12/08/2022 17:36;56.58
AMS;19/08/2022 17:36;55.98
AMS;26/08/2022 17:36;54.8
AMS;02/09/2022 17:36;51.64
AMS;09/09/2022 17:36;52.16
AMS;16/09/2022 17:36;50.64
AMS;23/09/2022 17:36;46.37
AMS;30/09/2022 17:36;47.91
ANA;15/10/2021 17:36;151.2
ANA;22/10/2021 17:36;161.1
ANA;29/10/2021 17:36;165.8
ANA;05/11/2021 17:36;157
ANA;12/11/2021 17:36;159.5
ANA;19/11/2021 17:36;158.8
ANA;26/11/2021 17:36;159.3
ANA;03/12/2021 17:36;155.2
ANA;10/12/2021 17:36;158.7
ANA;17/12/2021 17:36;158.6
ANA;23/12/2021 17:36;166.7
ANA;30/12/2021 17:36;168.1
ANA;07/01/2022 17:36;164.9
ANA;14/01/2022 17:36;156.8
ANA;21/01/2022 17:36;152.5
ANA;28/01/2022 17:36;153.8
ANA;04/02/2022 17:36;148.9
ANA;11/02/2022 17:36;144
ANA;18/02/2022 17:36;139.6
ANA;25/02/2022 17:36;147.1
ANA;04/03/2022 17:36;139.3
ANA;11/03/2022 17:36;161.3
ANA;18/03/2022 17:36;163.9
ANA;25/03/2022 17:36;166.1
ANA;01/04/2022 17:36;175.8
ANA;08/04/2022 17:36;192
ANA;14/04/2022 17:36;193.2
ANA;22/04/2022 17:36;188.8
ANA;29/04/2022 17:36;187.5
ANA;06/05/2022 17:36;179.9
ANA;13/05/2022 17:36;180.3
ANA;20/05/2022 17:36;183.1
ANA;27/05/2022 17:36;184.5
ANA;03/06/2022 17:36;188.5
ANA;10/06/2022 17:36;183.9
ANA;17/06/2022 17:36;176.6
ANA;24/06/2022 17:36;177.5
ANA;01/07/2022 17:36;179
ANA;08/07/2022 17:36;189.8
ANA;15/07/2022 17:36;181.6
ANA;22/07/2022 17:36;184.7
ANA;29/07/2022 17:36;200.6
ANA;05/08/2022 17:36;199.1
ANA;12/08/2022 17:36;199.5
ANA;19/08/2022 17:36;207
ANA;26/08/2022 17:36;206
ANA;02/09/2022 17:36;194.6
ANA;09/09/2022 17:36;199.7
ANA;16/09/2022 17:36;202.2
ANA;23/09/2022 17:36;187.1
ANA;30/09/2022 17:36;180.6
ANE;15/10/2021 17:36;29.79
ANE;22/10/2021 17:36;29.96
ANE;29/10/2021 17:36;30.23
ANE;05/11/2021 17:36;29.64
ANE;12/11/2021 17:36;30.96
ANE;19/11/2021 17:36;31
ANE;26/11/2021 17:36;30.39
ANE;03/12/2021 17:36;29.78
ANE;10/12/2021 17:36;30.77
ANE;17/12/2021 17:36;30.26
ANE;23/12/2021 17:36;31.56
ANE;30/12/2021 17:36;32.58
ANE;07/01/2022 17:36;29.41
ANE;14/01/2022 17:36;28.64
ANE;21/01/2022 17:36;28.51
ANE;28/01/2022 17:36;26.86
ANE;04/02/2022 17:36;28.12
ANE;11/02/2022 17:36;27.18
ANE;18/02/2022 17:36;27.4
ANE;25/02/2022 17:36;29.54
ANE;04/03/2022 17:36;27.78
ANE;11/03/2022 17:36;32.38
ANE;18/03/2022 17:36;33.33
ANE;25/03/2022 17:36;32.4
ANE;01/04/2022 17:36;33.16
ANE;08/04/2022 17:36;35.16
ANE;14/04/2022 17:36;35.12
ANE;22/04/2022 17:36;34.4
ANE;29/04/2022 17:36;35.38
ANE;06/05/2022 17:36;34
ANE;13/05/2022 17:36;33.88
ANE;20/05/2022 17:36;37.42
ANE;27/05/2022 17:36;36.68
ANE;03/06/2022 17:36;37.28
ANE;10/06/2022 17:36;35.94
ANE;17/06/2022 17:36;34.66
ANE;24/06/2022 17:36;35.48
ANE;01/07/2022 17:36;37.58
ANE;08/07/2022 17:36;39.6
ANE;15/07/2022 17:36;38.84
ANE;22/07/2022 17:36;39.46
ANE;29/07/2022 17:36;42.74
ANE;05/08/2022 17:36;41.64
ANE;12/08/2022 17:36;41.1
ANE;19/08/2022 17:36;42.4
ANE;26/08/2022 17:36;43.5
ANE;02/09/2022 17:36;40.52
ANE;09/09/2022 17:36;42.18
ANE;16/09/2022 17:36;41.96
ANE;23/09/2022 17:36;39.38
ANE;30/09/2022 17:36;38.36
BBVA;15/10/2021 17:36;5.77
BBVA;22/10/2021 17:36;5.69
BBVA;29/10/2021 17:36;6.06
BBVA;05/11/2021 17:36;6.03
BBVA;12/11/2021 17:36;6.13
BBVA;19/11/2021 17:36;5.4
BBVA;26/11/2021 17:36;4.85
BBVA;03/12/2021 17:36;4.79
BBVA;10/12/2021 17:36;5.11
BBVA;17/12/2021 17:36;5
BBVA;23/12/2021 17:36;5.17
BBVA;30/12/2021 17:36;5.25
BBVA;07/01/2022 17:36;5.59
BBVA;14/01/2022 17:36;5.77
BBVA;21/01/2022 17:36;5.63
BBVA;28/01/2022 17:36;5.64
BBVA;04/02/2022 17:36;5.69
BBVA;11/02/2022 17:36;5.97
BBVA;18/02/2022 17:36;5.71
BBVA;25/02/2022 17:36;5.44
BBVA;04/03/2022 17:36;4.8
BBVA;11/03/2022 17:36;4.99
BBVA;18/03/2022 17:36;5.28
BBVA;25/03/2022 17:36;5.12
BBVA;01/04/2022 17:36;5.29
BBVA;08/04/2022 17:36;4.89
BBVA;14/04/2022 17:36;5.03
BBVA;22/04/2022 17:36;5.01
BBVA;29/04/2022 17:36;5.06
BBVA;06/05/2022 17:36;4.59
BBVA;13/05/2022 17:36;4.85
BBVA;20/05/2022 17:36;4.75
BBVA;27/05/2022 17:36;5.04
BBVA;03/06/2022 17:36;4.96
BBVA;10/06/2022 17:36;4.31
BBVA;17/06/2022 17:36;4.27
BBVA;24/06/2022 17:36;4.34
BBVA;01/07/2022 17:36;4.31
BBVA;08/07/2022 17:36;4.4
BBVA;15/07/2022 17:36;4.1
BBVA;22/07/2022 17:36;4.15
BBVA;29/07/2022 17:36;4.42
BBVA;05/08/2022 17:36;4.62
BBVA;12/08/2022 17:36;4.78
BBVA;19/08/2022 17:36;4.7
BBVA;26/08/2022 17:36;4.45
BBVA;02/09/2022 17:36;4.56
BBVA;09/09/2022 17:36;4.85
BBVA;16/09/2022 17:36;4.93
BBVA;23/09/2022 17:36;4.76
BBVA;30/09/2022 17:36;4.62
BKT;15/10/2021 17:36;5.15
BKT;22/10/2021 17:36;4.72
BKT;29/10/2021 17:36;4.76
BKT;05/11/2021 17:36;4.97
BKT;12/11/2021 17:36;4.98
BKT;19/11/2021 17:36;4.56
BKT;26/11/2021 17:36;4.31
BKT;03/12/2021 17:36;4.34
BKT;10/12/2021 17:36;4.31
BKT;17/12/2021 17:36;4.32
BKT;23/12/2021 17:36;4.5
BKT;30/12/2021 17:36;4.51
BKT;07/01/2022 17:36;4.85
BKT;14/01/2022 17:36;4.99
BKT;21/01/2022 17:36;5.18
BKT;28/01/2022 17:36;5.28
BKT;04/02/2022 17:36;5.63
BKT;11/02/2022 17:36;5.98
BKT;18/02/2022 17:36;5.63
BKT;25/02/2022 17:36;5.24
BKT;04/03/2022 17:36;4.41
BKT;11/03/2022 17:36;4.95
BKT;18/03/2022 17:36;5.28
BKT;25/03/2022 17:36;5.16
BKT;01/04/2022 17:36;5.39
BKT;08/04/2022 17:36;5.42
BKT;14/04/2022 17:36;5.28
BKT;22/04/2022 17:36;5.57
BKT;29/04/2022 17:36;5.63
BKT;06/05/2022 17:36;5.17
BKT;13/05/2022 17:36;5.33
BKT;20/05/2022 17:36;5.56
BKT;27/05/2022 17:36;5.99
BKT;03/06/2022 17:36;5.85
BKT;10/06/2022 17:36;5.65
BKT;17/06/2022 17:36;5.77
BKT;24/06/2022 17:36;5.91
BKT;01/07/2022 17:36;5.92
BKT;08/07/2022 17:36;5.17
BKT;15/07/2022 17:36;4.75
BKT;22/07/2022 17:36;4.84
BKT;29/07/2022 17:36;4.8
BKT;05/08/2022 17:36;5.05
BKT;12/08/2022 17:36;5.07
BKT;19/08/2022 17:36;4.99
BKT;26/08/2022 17:36;4.83
BKT;02/09/2022 17:36;5.06
BKT;09/09/2022 17:36;5.59
BKT;16/09/2022 17:36;5.87
BKT;23/09/2022 17:36;5.97
BKT;30/09/2022 17:36;5.77
CABK;15/10/2021 17:36;2.66
CABK;22/10/2021 17:36;2.54
CABK;29/10/2021 17:36;2.49
CABK;05/11/2021 17:36;2.51
CABK;12/11/2021 17:36;2.5
CABK;19/11/2021 17:36;2.37
CABK;26/11/2021 17:36;2.29
CABK;03/12/2021 17:36;2.3
CABK;10/12/2021 17:36;2.3
CABK;17/12/2021 17:36;2.28
CABK;23/12/2021 17:36;2.36
CABK;30/12/2021 17:36;2.41
CABK;07/01/2022 17:36;2.63
CABK;14/01/2022 17:36;2.86
CABK;21/01/2022 17:36;2.77
CABK;28/01/2022 17:36;2.88
CABK;04/02/2022 17:36;3.21
CABK;11/02/2022 17:36;3.39
CABK;18/02/2022 17:36;3.24
CABK;25/02/2022 17:36;3.03
CABK;04/03/2022 17:36;2.64
CABK;11/03/2022 17:36;2.93
CABK;18/03/2022 17:36;3.19
CABK;25/03/2022 17:36;3.03
CABK;01/04/2022 17:36;3.17
CABK;08/04/2022 17:36;3.24
CABK;14/04/2022 17:36;3.04
CABK;22/04/2022 17:36;3.09
CABK;29/04/2022 17:36;3.09
CABK;06/05/2022 17:36;2.95
CABK;13/05/2022 17:36;2.89
CABK;20/05/2022 17:36;3.12
CABK;27/05/2022 17:36;3.36
CABK;03/06/2022 17:36;3.38
CABK;10/06/2022 17:36;3.22
CABK;17/06/2022 17:36;3.41
CABK;24/06/2022 17:36;3.4
CABK;01/07/2022 17:36;3.31
CABK;08/07/2022 17:36;3
CABK;15/07/2022 17:36;2.71
CABK;22/07/2022 17:36;2.82
CABK;29/07/2022 17:36;2.93
CABK;05/08/2022 17:36;3.01
CABK;12/08/2022 17:36;3.05
CABK;19/08/2022 17:36;2.98
CABK;26/08/2022 17:36;2.88
CABK;02/09/2022 17:36;3.03
CABK;09/09/2022 17:36;3.33
CABK;16/09/2022 17:36;3.53
CABK;23/09/2022 17:36;3.48
CABK;30/09/2022 17:36;3.31
CLNX;15/10/2021 17:36;53.58
CLNX;22/10/2021 17:36;54.62
CLNX;29/10/2021 17:36;53.18
CLNX;05/11/2021 17:36;52.72
CLNX;12/11/2021 17:36;54.36
CLNX;19/11/2021 17:36;52.48
CLNX;26/11/2021 17:36;52.74
CLNX;03/12/2021 17:36;50.56
CLNX;10/12/2021 17:36;52.48
CLNX;17/12/2021 17:36;48.8
CLNX;23/12/2021 17:36;49.08
CLNX;30/12/2021 17:36;51.18
CLNX;07/01/2022 17:36;44.36
CLNX;14/01/2022 17:36;42.35
CLNX;21/01/2022 17:36;43.19
CLNX;28/01/2022 17:36;39.94
CLNX;04/02/2022 17:36;39.21
CLNX;11/02/2022 17:36;38.85
CLNX;18/02/2022 17:36;38.32
CLNX;25/02/2022 17:36;39.89
CLNX;04/03/2022 17:36;41.04
CLNX;11/03/2022 17:36;41.95
CLNX;18/03/2022 17:36;43.95
CLNX;25/03/2022 17:36;43.44
CLNX;01/04/2022 17:36;44.02
CLNX;08/04/2022 17:36;44.47
CLNX;14/04/2022 17:36;44.95
CLNX;22/04/2022 17:36;45.14
CLNX;29/04/2022 17:36;44.56
CLNX;06/05/2022 17:36;41.8
CLNX;13/05/2022 17:36;40.6
CLNX;20/05/2022 17:36;40.42
CLNX;27/05/2022 17:36;43.29
CLNX;03/06/2022 17:36;41.08
CLNX;10/06/2022 17:36;40.76
CLNX;17/06/2022 17:36;38.5
CLNX;24/06/2022 17:36;38.95
CLNX;01/07/2022 17:36;38.16
CLNX;08/07/2022 17:36;38.6
CLNX;15/07/2022 17:36;41.97
CLNX;22/07/2022 17:36;42.4
CLNX;29/07/2022 17:36;43.59
CLNX;05/08/2022 17:36;41.63
CLNX;12/08/2022 17:36;42.32
CLNX;19/08/2022 17:36;42.53
CLNX;26/08/2022 17:36;39.92
CLNX;02/09/2022 17:36;38.37
CLNX;09/09/2022 17:36;38.15
CLNX;16/09/2022 17:36;34.97
CLNX;23/09/2022 17:36;31.85
CLNX;30/09/2022 17:36;31.79
COL;15/10/2021 17:36;8.49
COL;22/10/2021 17:36;8.32
COL;29/10/2021 17:36;8.41
COL;05/11/2021 17:36;8.68
COL;12/11/2021 17:36;8.48
COL;19/11/2021 17:36;8.07
COL;26/11/2021 17:36;8.16
COL;03/12/2021 17:36;7.78
COL;10/12/2021 17:36;8.05
COL;17/12/2021 17:36;8.03
COL;23/12/2021 17:36;8.13
COL;30/12/2021 17:36;8.25
COL;07/01/2022 17:36;8.27
COL;14/01/2022 17:36;8.31
COL;21/01/2022 17:36;8.02
COL;28/01/2022 17:36;7.82
COL;04/02/2022 17:36;7.4
COL;11/02/2022 17:36;7.64
COL;18/02/2022 17:36;7.64
COL;25/02/2022 17:36;7.7
COL;04/03/2022 17:36;7.28
COL;11/03/2022 17:36;7.91
COL;18/03/2022 17:36;8.16
COL;25/03/2022 17:36;8.25
COL;01/04/2022 17:36;8.26
COL;08/04/2022 17:36;8.25
COL;14/04/2022 17:36;8.33
COL;22/04/2022 17:36;8.13
COL;29/04/2022 17:36;7.97
COL;06/05/2022 17:36;7.67
COL;13/05/2022 17:36;7.69
COL;20/05/2022 17:36;7.68
COL;27/05/2022 17:36;7.83
COL;03/06/2022 17:36;7.42
COL;10/06/2022 17:36;6.99
COL;17/06/2022 17:36;6.53
COL;24/06/2022 17:36;6.59
COL;01/07/2022 17:36;6.09
COL;08/07/2022 17:36;6.09
COL;15/07/2022 17:36;6.09
COL;22/07/2022 17:36;6.33
COL;29/07/2022 17:36;6.47
COL;05/08/2022 17:36;6.41
COL;12/08/2022 17:36;6.69
COL;19/08/2022 17:36;6.29
COL;26/08/2022 17:36;5.95
COL;02/09/2022 17:36;5.91
COL;09/09/2022 17:36;5.82
COL;16/09/2022 17:36;5.7
COL;23/09/2022 17:36;5.02
COL;30/09/2022 17:36;4.94
ELE;15/10/2021 17:36;18.66
ELE;22/10/2021 17:36;19.07
ELE;29/10/2021 17:36;19.95
ELE;05/11/2021 17:36;20
ELE;12/11/2021 17:36;19.2
ELE;19/11/2021 17:36;19.2
ELE;26/11/2021 17:36;20.08
ELE;03/12/2021 17:36;19.43
ELE;10/12/2021 17:36;19.64
ELE;17/12/2021 17:36;19.67
ELE;23/12/2021 17:36;20.3
ELE;30/12/2021 17:36;20.2
ELE;07/01/2022 17:36;19.39
ELE;14/01/2022 17:36;19.2
ELE;21/01/2022 17:36;19.76
ELE;28/01/2022 17:36;20
ELE;04/02/2022 17:36;19.18
ELE;11/02/2022 17:36;18.72
ELE;18/02/2022 17:36;18.77
ELE;25/02/2022 17:36;19.47
ELE;04/03/2022 17:36;17.84
ELE;11/03/2022 17:36;18.42
ELE;18/03/2022 17:36;18.48
ELE;25/03/2022 17:36;18.42
ELE;01/04/2022 17:36;19.63
ELE;08/04/2022 17:36;20.03
ELE;14/04/2022 17:36;19.61
ELE;22/04/2022 17:36;19.86
ELE;29/04/2022 17:36;20.03
ELE;06/05/2022 17:36;19.68
ELE;13/05/2022 17:36;19.82
ELE;20/05/2022 17:36;20.67
ELE;27/05/2022 17:36;20.86
ELE;03/06/2022 17:36;20.43
ELE;10/06/2022 17:36;19.9
ELE;17/06/2022 17:36;19.09
ELE;24/06/2022 17:36;18.95
ELE;01/07/2022 17:36;18.55
ELE;08/07/2022 17:36;18.08
ELE;15/07/2022 17:36;17.72
ELE;22/07/2022 17:36;17.77
ELE;29/07/2022 17:36;17.91
ELE;05/08/2022 17:36;17.79
ELE;12/08/2022 17:36;18.04
ELE;19/08/2022 17:36;18.16
ELE;26/08/2022 17:36;17.86
ELE;02/09/2022 17:36;17.25
ELE;09/09/2022 17:36;17.48
ELE;16/09/2022 17:36;17.63
ELE;23/09/2022 17:36;16.95
ELE;30/09/2022 17:36;15.42
ENG;15/10/2021 17:36;19.63
ENG;22/10/2021 17:36;19.49
ENG;29/10/2021 17:36;19.41
ENG;05/11/2021 17:36;20.09
ENG;12/11/2021 17:36;19.93
ENG;19/11/2021 17:36;19.72
ENG;26/11/2021 17:36;19.87
ENG;03/12/2021 17:36;20.11
ENG;10/12/2021 17:36;20.6
ENG;17/12/2021 17:36;19.88
ENG;23/12/2021 17:36;20.36
ENG;30/12/2021 17:36;20.4
ENG;07/01/2022 17:36;20
ENG;14/01/2022 17:36;20.15
ENG;21/01/2022 17:36;19.81
ENG;28/01/2022 17:36;19.63
ENG;04/02/2022 17:36;18.97
ENG;11/02/2022 17:36;18.9
ENG;18/02/2022 17:36;18.31
ENG;25/02/2022 17:36;18.78
ENG;04/03/2022 17:36;18.69
ENG;11/03/2022 17:36;20
ENG;18/03/2022 17:36;20.08
ENG;25/03/2022 17:36;20.31
ENG;01/04/2022 17:36;20.21
ENG;08/04/2022 17:36;21.13
ENG;14/04/2022 17:36;21.16
ENG;22/04/2022 17:36;20.48
ENG;29/04/2022 17:36;20.57
ENG;06/05/2022 17:36;20.73
ENG;13/05/2022 17:36;20.76
ENG;20/05/2022 17:36;21.47
ENG;27/05/2022 17:36;21.72
ENG;03/06/2022 17:36;21.58
ENG;10/06/2022 17:36;21.71
ENG;17/06/2022 17:36;21.12
ENG;24/06/2022 17:36;20.71
ENG;01/07/2022 17:36;21.27
ENG;08/07/2022 17:36;19.66
ENG;15/07/2022 17:36;18.7
ENG;22/07/2022 17:36;18.74
ENG;29/07/2022 17:36;19.28
ENG;05/08/2022 17:36;18.85
ENG;12/08/2022 17:36;19.45
ENG;19/08/2022 17:36;19.41
ENG;26/08/2022 17:36;19.31
ENG;02/09/2022 17:36;18.45
ENG;09/09/2022 17:36;17.77
ENG;16/09/2022 17:36;17.27
ENG;23/09/2022 17:36;16.9
ENG;30/09/2022 17:36;15.84
FDR;15/10/2021 17:36;35.1
FDR;22/10/2021 17:36;36.9
FDR;29/10/2021 17:36;33.05
FDR;05/11/2021 17:36;33.1
FDR;12/11/2021 17:36;33.65
FDR;19/11/2021 17:36;35.5
FDR;26/11/2021 17:36;32.95
FDR;03/12/2021 17:36;32.15
FDR;10/12/2021 17:36;32.75
FDR;17/12/2021 17:36;32.5
FDR;23/12/2021 17:36;34.15
FDR;30/12/2021 17:36;35.2
FDR;07/01/2022 17:36;33.3
FDR;14/01/2022 17:36;30.3
FDR;21/01/2022 17:36;29.9
FDR;28/01/2022 17:36;27.8
FDR;04/02/2022 17:36;27.25
FDR;11/02/2022 17:36;26.75
FDR;18/02/2022 17:36;25.25
FDR;25/02/2022 17:36;24.9
FDR;04/03/2022 17:36;24.2
FDR;11/03/2022 17:36;25.15
FDR;18/03/2022 17:36;28.35
FDR;25/03/2022 17:36;26.5
FDR;01/04/2022 17:36;25.2
FDR;08/04/2022 17:36;25.98
FDR;14/04/2022 17:36;25.24
FDR;22/04/2022 17:36;26.04
FDR;29/04/2022 17:36;26.12
FDR;06/05/2022 17:36;23.64
FDR;13/05/2022 17:36;22.8
FDR;20/05/2022 17:36;22.78
FDR;27/05/2022 17:36;24.54
FDR;03/06/2022 17:36;24.72
FDR;10/06/2022 17:36;22.14
FDR;17/06/2022 17:36;21.12
FDR;24/06/2022 17:36;22.44
FDR;01/07/2022 17:36;19.32
FDR;08/07/2022 17:36;19.7
FDR;15/07/2022 17:36;19.35
FDR;22/07/2022 17:36;19.25
FDR;29/07/2022 17:36;18.17
FDR;05/08/2022 17:36;18.63
FDR;12/08/2022 17:36;18.58
FDR;19/08/2022 17:36;17.57
FDR;26/08/2022 17:36;15.97
FDR;02/09/2022 17:36;15.7
FDR;09/09/2022 17:36;15.76
FDR;16/09/2022 17:36;15.15
FDR;23/09/2022 17:36;14.76
FDR;30/09/2022 17:36;15.52
FER;15/10/2021 17:36;26.7
FER;22/10/2021 17:36;27.18
FER;29/10/2021 17:36;27.26
FER;05/11/2021 17:36;27.4
FER;12/11/2021 17:36;26.35
FER;19/11/2021 17:36;25.98
FER;26/11/2021 17:36;24.77
FER;03/12/2021 17:36;25.4
FER;10/12/2021 17:36;25.49
FER;17/12/2021 17:36;25.69
FER;23/12/2021 17:36;26.93
FER;30/12/2021 17:36;27.56
FER;07/01/2022 17:36;26.62
FER;14/01/2022 17:36;26.43
FER;21/01/2022 17:36;25.67
FER;28/01/2022 17:36;24.18
FER;04/02/2022 17:36;24.11
FER;11/02/2022 17:36;24.46
FER;18/02/2022 17:36;24.59
FER;25/02/2022 17:36;24.37
FER;04/03/2022 17:36;23.4
FER;11/03/2022 17:36;24.4
FER;18/03/2022 17:36;25.64
FER;25/03/2022 17:36;24.61
FER;01/04/2022 17:36;24.38
FER;08/04/2022 17:36;24.37
FER;14/04/2022 17:36;25.74
FER;22/04/2022 17:36;24.47
FER;29/04/2022 17:36;24.59
FER;06/05/2022 17:36;23.67
FER;13/05/2022 17:36;23.87
FER;20/05/2022 17:36;23.31
FER;27/05/2022 17:36;24.21
FER;03/06/2022 17:36;24.5
FER;10/06/2022 17:36;24.68
FER;17/06/2022 17:36;23.53
FER;24/06/2022 17:36;24.48
FER;01/07/2022 17:36;24.22
FER;08/07/2022 17:36;26
FER;15/07/2022 17:36;25.6
FER;22/07/2022 17:36;26.25
FER;29/07/2022 17:36;26.08
FER;05/08/2022 17:36;25.92
FER;12/08/2022 17:36;26.37
FER;19/08/2022 17:36;26.83
FER;26/08/2022 17:36;25.87
FER;02/09/2022 17:36;25.11
FER;09/09/2022 17:36;25.16
FER;16/09/2022 17:36;24.65
FER;23/09/2022 17:36;23.3
FER;30/09/2022 17:36;23.39
GRF;15/10/2021 17:36;20.5
GRF;22/10/2021 17:36;20.2
GRF;29/10/2021 17:36;19.8
GRF;05/11/2021 17:36;18.5
GRF;12/11/2021 17:36;18.26
GRF;19/11/2021 17:36;17.62
GRF;26/11/2021 17:36;17.17
GRF;03/12/2021 17:36;15.37
GRF;10/12/2021 17:36;15.41
GRF;17/12/2021 17:36;16.5
GRF;23/12/2021 17:36;16.2
GRF;30/12/2021 17:36;16.88
GRF;07/01/2022 17:36;16.22
GRF;14/01/2022 17:36;17.07
GRF;21/01/2022 17:36;16.61
GRF;28/01/2022 17:36;15.38
GRF;04/02/2022 17:36;15.15
GRF;11/02/2022 17:36;14.81
GRF;18/02/2022 17:36;14.6
GRF;25/02/2022 17:36;15.8
GRF;04/03/2022 17:36;15.92
GRF;11/03/2022 17:36;16.26
GRF;18/03/2022 17:36;16.07
GRF;25/03/2022 17:36;15.49
GRF;01/04/2022 17:36;16.47
GRF;08/04/2022 17:36;16.27
GRF;14/04/2022 17:36;15.58
GRF;22/04/2022 17:36;16.23
GRF;29/04/2022 17:36;16
GRF;06/05/2022 17:36;18.63
GRF;13/05/2022 17:36;19.7
GRF;20/05/2022 17:36;19.88
GRF;27/05/2022 17:36;19.85
GRF;03/06/2022 17:36;18.68
GRF;10/06/2022 17:36;18.25
GRF;17/06/2022 17:36;17.9
GRF;24/06/2022 17:36;18.53
GRF;01/07/2022 17:36;18.64
GRF;08/07/2022 17:36;16.9
GRF;15/07/2022 17:36;15.98
GRF;22/07/2022 17:36;16.43
GRF;29/07/2022 17:36;14.22
GRF;05/08/2022 17:36;14.08
GRF;12/08/2022 17:36;13.76
GRF;19/08/2022 17:36;13.22
GRF;26/08/2022 17:36;12.42
GRF;02/09/2022 17:36;11.82
GRF;09/09/2022 17:36;12.47
GRF;16/09/2022 17:36;11.76
GRF;23/09/2022 17:36;10.03
GRF;30/09/2022 17:36;8.88
IAG;15/10/2021 17:36;2.17
IAG;22/10/2021 17:36;1.85
IAG;29/10/2021 17:36;1.93
IAG;05/11/2021 17:36;2.1
IAG;12/11/2021 17:36;1.93
IAG;19/11/2021 17:36;1.77
IAG;26/11/2021 17:36;1.55
IAG;03/12/2021 17:36;1.55
IAG;10/12/2021 17:36;1.61
IAG;17/12/2021 17:36;1.55
IAG;23/12/2021 17:36;1.7
IAG;30/12/2021 17:36;1.7
IAG;07/01/2022 17:36;1.93
IAG;14/01/2022 17:36;1.98
IAG;21/01/2022 17:36;1.89
IAG;28/01/2022 17:36;1.85
IAG;04/02/2022 17:36;1.84
IAG;11/02/2022 17:36;2.07
IAG;18/02/2022 17:36;1.95
IAG;25/02/2022 17:36;1.83
IAG;04/03/2022 17:36;1.51
IAG;11/03/2022 17:36;1.59
IAG;18/03/2022 17:36;1.69
IAG;25/03/2022 17:36;1.65
IAG;01/04/2022 17:36;1.68
IAG;08/04/2022 17:36;1.6
IAG;14/04/2022 17:36;1.76
IAG;22/04/2022 17:36;1.78
IAG;29/04/2022 17:36;1.72
IAG;06/05/2022 17:36;1.55
IAG;13/05/2022 17:36;1.45
IAG;20/05/2022 17:36;1.48
IAG;27/05/2022 17:36;1.54
IAG;03/06/2022 17:36;1.51
IAG;10/06/2022 17:36;1.42
IAG;17/06/2022 17:36;1.32
IAG;24/06/2022 17:36;1.34
IAG;01/07/2022 17:36;1.26
IAG;08/07/2022 17:36;1.3
IAG;15/07/2022 17:36;1.31
IAG;22/07/2022 17:36;1.35
IAG;29/07/2022 17:36;1.41
IAG;05/08/2022 17:36;1.42
IAG;12/08/2022 17:36;1.4
IAG;19/08/2022 17:36;1.33
IAG;26/08/2022 17:36;1.25
IAG;02/09/2022 17:36;1.25
IAG;09/09/2022 17:36;1.27
IAG;16/09/2022 17:36;1.21
IAG;23/09/2022 17:36;1.13
IAG;30/09/2022 17:36;1.08
IBE;15/10/2021 17:36;9.45
IBE;22/10/2021 17:36;9.72
IBE;29/10/2021 17:36;10.22
IBE;05/11/2021 17:36;10.28
IBE;12/11/2021 17:36;10.07
IBE;19/11/2021 17:36;10.09
IBE;26/11/2021 17:36;9.95
IBE;03/12/2021 17:36;9.69
IBE;10/12/2021 17:36;9.74
IBE;17/12/2021 17:36;9.75
IBE;23/12/2021 17:36;10.08
IBE;30/12/2021 17:36;10.41
IBE;07/01/2022 17:36;10.26
IBE;14/01/2022 17:36;9.93
IBE;21/01/2022 17:36;10.15
IBE;28/01/2022 17:36;10.12
IBE;04/02/2022 17:36;9.7
IBE;11/02/2022 17:36;9.44
IBE;18/02/2022 17:36;9.29
IBE;25/02/2022 17:36;9.92
IBE;04/03/2022 17:36;8.96
IBE;11/03/2022 17:36;9.82
IBE;18/03/2022 17:36;9.75
IBE;25/03/2022 17:36;9.54
IBE;01/04/2022 17:36;9.91
IBE;08/04/2022 17:36;10.82
IBE;14/04/2022 17:36;10.51
IBE;22/04/2022 17:36;10.44
IBE;29/04/2022 17:36;11.01
IBE;06/05/2022 17:36;10.67
IBE;13/05/2022 17:36;10.68
IBE;20/05/2022 17:36;11.1
IBE;27/05/2022 17:36;11.31
IBE;03/06/2022 17:36;10.81
IBE;10/06/2022 17:36;10.31
IBE;17/06/2022 17:36;9.86
IBE;24/06/2022 17:36;10.06
IBE;01/07/2022 17:36;10.34
IBE;08/07/2022 17:36;9.91
IBE;15/07/2022 17:36;9.81
IBE;22/07/2022 17:36;9.99
IBE;29/07/2022 17:36;10.43
IBE;05/08/2022 17:36;10.48
IBE;12/08/2022 17:36;10.74
IBE;19/08/2022 17:36;10.94
IBE;26/08/2022 17:36;10.93
IBE;02/09/2022 17:36;10.56
IBE;09/09/2022 17:36;10.71
IBE;16/09/2022 17:36;10.57
IBE;23/09/2022 17:36;10.19
IBE;30/09/2022 17:36;9.58
IDR;15/10/2021 17:36;9.47
IDR;22/10/2021 17:36;9.52
IDR;29/10/2021 17:36;10.45
IDR;05/11/2021 17:36;10.78
IDR;12/11/2021 17:36;10.95
IDR;19/11/2021 17:36;10.51
IDR;26/11/2021 17:36;10.16
IDR;03/12/2021 17:36;10.04
IDR;10/12/2021 17:36;10.43
IDR;17/12/2021 17:36;9.07
IDR;23/12/2021 17:36;9.3
IDR;30/12/2021 17:36;9.52
IDR;07/01/2022 17:36;9.45
IDR;14/01/2022 17:36;9.39
IDR;21/01/2022 17:36;9.41
IDR;28/01/2022 17:36;8.85
IDR;04/02/2022 17:36;9.04
IDR;11/02/2022 17:36;9.21
IDR;18/02/2022 17:36;9.07
IDR;25/02/2022 17:36;9.71
IDR;04/03/2022 17:36;8.82
IDR;11/03/2022 17:36;9.04
IDR;18/03/2022 17:36;10.17
IDR;25/03/2022 17:36;10.28
IDR;01/04/2022 17:36;9.5
IDR;08/04/2022 17:36;9.28
IDR;14/04/2022 17:36;9.19
IDR;22/04/2022 17:36;9.25
IDR;29/04/2022 17:36;9.77
IDR;06/05/2022 17:36;9.5
IDR;13/05/2022 17:36;9.49
IDR;20/05/2022 17:36;9.62
IDR;27/05/2022 17:36;10.22
IDR;03/06/2022 17:36;10.65
IDR;10/06/2022 17:36;10.73
IDR;17/06/2022 17:36;10.42
IDR;24/06/2022 17:36;8.64
IDR;01/07/2022 17:36;8.93
IDR;08/07/2022 17:36;9.4
IDR;15/07/2022 17:36;9.31
IDR;22/07/2022 17:36;9.28
IDR;29/07/2022 17:36;8.9
IDR;05/08/2022 17:36;8.47
IDR;12/08/2022 17:36;8.55
IDR;19/08/2022 17:36;8.4
IDR;26/08/2022 17:36;8.09
IDR;02/09/2022 17:36;7.76
IDR;09/09/2022 17:36;8.02
IDR;16/09/2022 17:36;8.17
IDR;23/09/2022 17:36;7.9
IDR;30/09/2022 17:36;7.86
ITX;15/10/2021 17:36;31.15
ITX;22/10/2021 17:36;30.76
ITX;29/10/2021 17:36;31.24
ITX;05/11/2021 17:36;32.27
ITX;12/11/2021 17:36;31.8
ITX;19/11/2021 17:36;30.47
ITX;26/11/2021 17:36;29.24
ITX;03/12/2021 17:36;27.85
ITX;10/12/2021 17:36;28.4
ITX;17/12/2021 17:36;27.81
ITX;23/12/2021 17:36;28.15
ITX;30/12/2021 17:36;28.53
ITX;07/01/2022 17:36;27.66
ITX;14/01/2022 17:36;27.77
ITX;21/01/2022 17:36;28.1
ITX;28/01/2022 17:36;27.03
ITX;04/02/2022 17:36;25.04
ITX;11/02/2022 17:36;25.75
ITX;18/02/2022 17:36;25.35
ITX;25/02/2022 17:36;24.24
ITX;04/03/2022 17:36;20.36
ITX;11/03/2022 17:36;21.76
ITX;18/03/2022 17:36;20.88
ITX;25/03/2022 17:36;20.8
ITX;01/04/2022 17:36;20.11
ITX;08/04/2022 17:36;20.16
ITX;14/04/2022 17:36;20.54
ITX;22/04/2022 17:36;20.32
ITX;29/04/2022 17:36;20.1
ITX;06/05/2022 17:36;20.25
ITX;13/05/2022 17:36;20.54
ITX;20/05/2022 17:36;20.42
ITX;27/05/2022 17:36;22.29
ITX;03/06/2022 17:36;22.07
ITX;10/06/2022 17:36;22.8
ITX;17/06/2022 17:36;21.74
ITX;24/06/2022 17:36;21.93
ITX;01/07/2022 17:36;21.97
ITX;08/07/2022 17:36;23.33
ITX;15/07/2022 17:36;24.23
ITX;22/07/2022 17:36;24.56
ITX;29/07/2022 17:36;23.69
ITX;05/08/2022 17:36;24.09
ITX;12/08/2022 17:36;25.37
ITX;19/08/2022 17:36;24.78
ITX;26/08/2022 17:36;22.27
ITX;02/09/2022 17:36;21.7
ITX;09/09/2022 17:36;21.47
ITX;16/09/2022 17:36;22.45
ITX;23/09/2022 17:36;21.04
ITX;30/09/2022 17:36;21.28
MAP;15/10/2021 17:36;1.79
MAP;22/10/2021 17:36;1.81
MAP;29/10/2021 17:36;1.83
MAP;05/11/2021 17:36;1.94
MAP;12/11/2021 17:36;1.94
MAP;19/11/2021 17:36;1.91
MAP;26/11/2021 17:36;1.83
MAP;03/12/2021 17:36;1.79
MAP;10/12/2021 17:36;1.8
MAP;17/12/2021 17:36;1.76
MAP;23/12/2021 17:36;1.8
MAP;30/12/2021 17:36;1.81
MAP;07/01/2022 17:36;1.89
MAP;14/01/2022 17:36;1.92
MAP;21/01/2022 17:36;1.87
MAP;28/01/2022 17:36;1.93
MAP;04/02/2022 17:36;1.91
MAP;11/02/2022 17:36;2.01
MAP;18/02/2022 17:36;1.9
MAP;25/02/2022 17:36;1.8
MAP;04/03/2022 17:36;1.66
MAP;11/03/2022 17:36;1.77
MAP;18/03/2022 17:36;1.85
MAP;25/03/2022 17:36;1.88
MAP;01/04/2022 17:36;1.91
MAP;08/04/2022 17:36;1.89
MAP;14/04/2022 17:36;1.88
MAP;22/04/2022 17:36;1.9
MAP;29/04/2022 17:36;1.75
MAP;06/05/2022 17:36;1.71
MAP;13/05/2022 17:36;1.72
MAP;20/05/2022 17:36;1.77
MAP;27/05/2022 17:36;1.78
MAP;03/06/2022 17:36;1.74
MAP;10/06/2022 17:36;1.68
MAP;17/06/2022 17:36;1.69
MAP;24/06/2022 17:36;1.66
MAP;01/07/2022 17:36;1.7
MAP;08/07/2022 17:36;1.65
MAP;15/07/2022 17:36;1.59
MAP;22/07/2022 17:36;1.54
MAP;29/07/2022 17:36;1.58
MAP;05/08/2022 17:36;1.62
MAP;12/08/2022 17:36;1.67
MAP;19/08/2022 17:36;1.64
MAP;26/08/2022 17:36;1.63
MAP;02/09/2022 17:36;1.67
MAP;09/09/2022 17:36;1.65
MAP;16/09/2022 17:36;1.72
MAP;23/09/2022 17:36;1.66
MAP;30/09/2022 17:36;1.59
MEL;15/10/2021 17:36;7.09
MEL;22/10/2021 17:36;6.34
MEL;29/10/2021 17:36;6.36
MEL;05/11/2021 17:36;6.91
MEL;12/11/2021 17:36;6.35
MEL;19/11/2021 17:36;6.06
MEL;26/11/2021 17:36;5.84
MEL;03/12/2021 17:36;5.64
MEL;10/12/2021 17:36;5.73
MEL;17/12/2021 17:36;5.54
MEL;23/12/2021 17:36;5.93
MEL;30/12/2021 17:36;6
MEL;07/01/2022 17:36;6.4
MEL;14/01/2022 17:36;6.44
MEL;21/01/2022 17:36;6.53
MEL;28/01/2022 17:36;6.61
MEL;04/02/2022 17:36;6.68
MEL;11/02/2022 17:36;7.24
MEL;18/02/2022 17:36;7.12
MEL;25/02/2022 17:36;7.03
MEL;04/03/2022 17:36;5.93
MEL;11/03/2022 17:36;6.34
MEL;18/03/2022 17:36;6.64
MEL;25/03/2022 17:36;6.6
MEL;01/04/2022 17:36;6.73
MEL;08/04/2022 17:36;6.28
MEL;14/04/2022 17:36;6.88
MEL;22/04/2022 17:36;7
MEL;29/04/2022 17:36;7.96
MEL;06/05/2022 17:36;7.94
MEL;13/05/2022 17:36;6.88
MEL;20/05/2022 17:36;6.97
MEL;27/05/2022 17:36;7.26
MEL;03/06/2022 17:36;7.46
MEL;10/06/2022 17:36;7.08
MEL;17/06/2022 17:36;6.68
MEL;24/06/2022 17:36;6.82
MEL;01/07/2022 17:36;5.97
MEL;08/07/2022 17:36;5.83
MEL;15/07/2022 17:36;5.78
MEL;22/07/2022 17:36;5.89
MEL;29/07/2022 17:36;6.14
MEL;05/08/2022 17:36;6.23
MEL;12/08/2022 17:36;6.44
MEL;19/08/2022 17:36;6.22
MEL;26/08/2022 17:36;6.02
MEL;02/09/2022 17:36;5.95
MEL;09/09/2022 17:36;5.53
MEL;16/09/2022 17:36;5.55
MEL;23/09/2022 17:36;4.96
MEL;30/09/2022 17:36;4.76
MRL;15/10/2021 17:36;9.51
MRL;22/10/2021 17:36;9.35
MRL;29/10/2021 17:36;9.37
MRL;05/11/2021 17:36;9.81
MRL;12/11/2021 17:36;9.71
MRL;19/11/2021 17:36;9.86
MRL;26/11/2021 17:36;9.83
MRL;03/12/2021 17:36;9.56
MRL;10/12/2021 17:36;9.82
MRL;17/12/2021 17:36;9.56
MRL;23/12/2021 17:36;9.35
MRL;30/12/2021 17:36;9.57
MRL;07/01/2022 17:36;9.64
MRL;14/01/2022 17:36;10.01
MRL;21/01/2022 17:36;9.95
MRL;28/01/2022 17:36;9.88
MRL;04/02/2022 17:36;9.61
MRL;11/02/2022 17:36;10.26
MRL;18/02/2022 17:36;10.2
MRL;25/02/2022 17:36;10.19
MRL;04/03/2022 17:36;8.94
MRL;11/03/2022 17:36;9.64
MRL;18/03/2022 17:36;10.26
MRL;25/03/2022 17:36;10.65
MRL;01/04/2022 17:36;10.62
MRL;08/04/2022 17:36;10.59
MRL;14/04/2022 17:36;10.83
MRL;22/04/2022 17:36;10.82
MRL;29/04/2022 17:36;10.41
MRL;06/05/2022 17:36;9.86
MRL;13/05/2022 17:36;10.29
MRL;20/05/2022 17:36;10.34
MRL;27/05/2022 17:36;10.64
MRL;03/06/2022 17:36;10.54
MRL;10/06/2022 17:36;10
MRL;17/06/2022 17:36;9.8
MRL;24/06/2022 17:36;9.76
MRL;01/07/2022 17:36;9.26
MRL;08/07/2022 17:36;9.6
MRL;15/07/2022 17:36;9.6
MRL;22/07/2022 17:36;9.97
MRL;29/07/2022 17:36;10.47
MRL;05/08/2022 17:36;9.49
MRL;12/08/2022 17:36;9.96
MRL;19/08/2022 17:36;9.69
MRL;26/08/2022 17:36;9.35
MRL;02/09/2022 17:36;9.15
MRL;09/09/2022 17:36;9.21
MRL;16/09/2022 17:36;9.02
MRL;23/09/2022 17:36;7.93
MRL;30/09/2022 17:36;7.91
MTS;15/10/2021 17:36;27.7
MTS;22/10/2021 17:36;27.22
MTS;29/10/2021 17:36;29.34
MTS;05/11/2021 17:36;27.95
MTS;12/11/2021 17:36;27.63
MTS;19/11/2021 17:36;26.45
MTS;26/11/2021 17:36;24.26
MTS;03/12/2021 17:36;24.48
MTS;10/12/2021 17:36;25.75
MTS;17/12/2021 17:36;28.64
MTS;23/12/2021 17:36;28.35
MTS;30/12/2021 17:36;28.38
MTS;07/01/2022 17:36;30.5
MTS;14/01/2022 17:36;32.41
MTS;21/01/2022 17:36;28.87
MTS;28/01/2022 17:36;25.56
MTS;04/02/2022 17:36;27.17
MTS;11/02/2022 17:36;28.14
MTS;18/02/2022 17:36;26.9
MTS;25/02/2022 17:36;27.37
MTS;04/03/2022 17:36;26.73
MTS;11/03/2022 17:36;27.66
MTS;18/03/2022 17:36;28.3
MTS;25/03/2022 17:36;31.18
MTS;01/04/2022 17:36;29.77
MTS;08/04/2022 17:36;28.27
MTS;14/04/2022 17:36;30.51
MTS;22/04/2022 17:36;29.55
MTS;29/04/2022 17:36;28.13
MTS;06/05/2022 17:36;26.33
MTS;13/05/2022 17:36;26.43
MTS;20/05/2022 17:36;27.4
MTS;27/05/2022 17:36;30.44
MTS;03/06/2022 17:36;30.32
MTS;10/06/2022 17:36;27.2
MTS;17/06/2022 17:36;24.75
MTS;24/06/2022 17:36;22.5
MTS;01/07/2022 17:36;21.59
MTS;08/07/2022 17:36;21.9
MTS;15/07/2022 17:36;21.5
MTS;22/07/2022 17:36;23.03
MTS;29/07/2022 17:36;23.89
MTS;05/08/2022 17:36;24
MTS;12/08/2022 17:36;24.47
MTS;19/08/2022 17:36;23.23
MTS;26/08/2022 17:36;23.53
MTS;02/09/2022 17:36;23.22
MTS;09/09/2022 17:36;22.92
MTS;16/09/2022 17:36;22.19
MTS;23/09/2022 17:36;21.03
MTS;30/09/2022 17:36;20.63
NTGY;15/10/2021 17:36;23.25
NTGY;22/10/2021 17:36;22.03
NTGY;29/10/2021 17:36;22.73
NTGY;05/11/2021 17:36;23.38
NTGY;12/11/2021 17:36;22.47
NTGY;19/11/2021 17:36;22.92
NTGY;26/11/2021 17:36;24.17
NTGY;03/12/2021 17:36;24.5
NTGY;10/12/2021 17:36;25.29
NTGY;17/12/2021 17:36;26.85
NTGY;23/12/2021 17:36;28.15
NTGY;30/12/2021 17:36;28.63
NTGY;07/01/2022 17:36;28.52
NTGY;14/01/2022 17:36;29.13
NTGY;21/01/2022 17:36;28.44
NTGY;28/01/2022 17:36;28.31
NTGY;04/02/2022 17:36;27.79
NTGY;11/02/2022 17:36;25.01
NTGY;18/02/2022 17:36;24.28
NTGY;25/02/2022 17:36;23.53
NTGY;04/03/2022 17:36;22.92
NTGY;11/03/2022 17:36;24.72
NTGY;18/03/2022 17:36;24.64
NTGY;25/03/2022 17:36;26.36
NTGY;01/04/2022 17:36;26.86
NTGY;08/04/2022 17:36;29.24
NTGY;14/04/2022 17:36;29.56
NTGY;22/04/2022 17:36;28.73
NTGY;29/04/2022 17:36;28.73
NTGY;06/05/2022 17:36;28.23
NTGY;13/05/2022 17:36;25.96
NTGY;20/05/2022 17:36;27.68
NTGY;27/05/2022 17:36;28.38
NTGY;03/06/2022 17:36;28.12
NTGY;10/06/2022 17:36;26.99
NTGY;17/06/2022 17:36;27.11
NTGY;24/06/2022 17:36;26.85
NTGY;01/07/2022 17:36;27.79
NTGY;08/07/2022 17:36;28.05
NTGY;15/07/2022 17:36;28.23
NTGY;22/07/2022 17:36;28.22
NTGY;29/07/2022 17:36;28.62
NTGY;05/08/2022 17:36;26.79
NTGY;12/08/2022 17:36;28.35
NTGY;19/08/2022 17:36;29.08
NTGY;26/08/2022 17:36;29.58
NTGY;02/09/2022 17:36;27.77
NTGY;09/09/2022 17:36;27.52
NTGY;16/09/2022 17:36;25.59
NTGY;23/09/2022 17:36;25.33
NTGY;30/09/2022 17:36;23.73
PHM;15/10/2021 17:36;71.38
PHM;22/10/2021 17:36;71.02
PHM;29/10/2021 17:36;67.14
PHM;05/11/2021 17:36;60.7
PHM;12/11/2021 17:36;61
PHM;19/11/2021 17:36;60.12
PHM;26/11/2021 17:36;58.28
PHM;03/12/2021 17:36;52.76
PHM;10/12/2021 17:36;52.78
PHM;17/12/2021 17:36;54.56
PHM;23/12/2021 17:36;55.32
PHM;30/12/2021 17:36;57.02
PHM;07/01/2022 17:36;53.66
PHM;14/01/2022 17:36;55.8
PHM;21/01/2022 17:36;55.88
PHM;28/01/2022 17:36;54.44
PHM;04/02/2022 17:36;54.7
PHM;11/02/2022 17:36;54.2
PHM;18/02/2022 17:36;53.98
PHM;25/02/2022 17:36;51.36
PHM;04/03/2022 17:36;54.9
PHM;11/03/2022 17:36;59.02
PHM;18/03/2022 17:36;64.86
PHM;25/03/2022 17:36;67.4
PHM;01/04/2022 17:36;71.84
PHM;08/04/2022 17:36;74.84
PHM;14/04/2022 17:36;76.42
PHM;22/04/2022 17:36;76.3
PHM;29/04/2022 17:36;72.98
PHM;06/05/2022 17:36;71.36
PHM;13/05/2022 17:36;69.34
PHM;20/05/2022 17:36;70.1
PHM;27/05/2022 17:36;70.82
PHM;03/06/2022 17:36;70.34
PHM;10/06/2022 17:36;70.72
PHM;17/06/2022 17:36;61.98
PHM;24/06/2022 17:36;65.38
PHM;01/07/2022 17:36;68.5
PHM;08/07/2022 17:36;69.04
PHM;15/07/2022 17:36;67.1
PHM;22/07/2022 17:36;72.24
PHM;29/07/2022 17:36;60.12
PHM;05/08/2022 17:36;61.62
PHM;12/08/2022 17:36;61.82
PHM;19/08/2022 17:36;61.46
PHM;26/08/2022 17:36;59.02
PHM;02/09/2022 17:36;58.22
PHM;09/09/2022 17:36;58.22
PHM;16/09/2022 17:36;58.84
PHM;23/09/2022 17:36;54.52
PHM;30/09/2022 17:36;54.36
RED;15/10/2021 17:36;17.65
RED;22/10/2021 17:36;17.64
RED;29/10/2021 17:36;18.01
RED;05/11/2021 17:36;18.18
RED;12/11/2021 17:36;18.02
RED;19/11/2021 17:36;18.08
RED;26/11/2021 17:36;18.4
RED;03/12/2021 17:36;18.53
RED;10/12/2021 17:36;18.96
RED;17/12/2021 17:36;18.75
RED;23/12/2021 17:36;18.69
RED;30/12/2021 17:36;19.02
RED;07/01/2022 17:36;17.95
RED;14/01/2022 17:36;17.78
RED;21/01/2022 17:36;17.86
RED;28/01/2022 17:36;18.05
RED;04/02/2022 17:36;17.49
RED;11/02/2022 17:36;17.2
RED;18/02/2022 17:36;16.97
RED;25/02/2022 17:36;17.21
RED;04/03/2022 17:36;17.31
RED;11/03/2022 17:36;17.82
RED;18/03/2022 17:36;17.73
RED;25/03/2022 17:36;17.63
RED;01/04/2022 17:36;18.8
RED;08/04/2022 17:36;19.6
RED;14/04/2022 17:36;19.42
RED;22/04/2022 17:36;18.56
RED;29/04/2022 17:36;19.14
RED;06/05/2022 17:36;18.95
RED;13/05/2022 17:36;18.72
RED;20/05/2022 17:36;19.52
RED;27/05/2022 17:36;19.42
RED;03/06/2022 17:36;19.08
RED;10/06/2022 17:36;18.7
RED;17/06/2022 17:36;18.61
RED;24/06/2022 17:36;18.41
RED;01/07/2022 17:36;18.45
RED;08/07/2022 17:36;18.13
RED;15/07/2022 17:36;17.93
RED;22/07/2022 17:36;18.32
RED;29/07/2022 17:36;19.23
RED;05/08/2022 17:36;19.04
RED;12/08/2022 17:36;19.11
RED;19/08/2022 17:36;19.63
RED;26/08/2022 17:36;19.42
RED;02/09/2022 17:36;18.5
RED;09/09/2022 17:36;18.08
RED;16/09/2022 17:36;17.7
RED;23/09/2022 17:36;16.91
RED;30/09/2022 17:36;15.71
REP;15/10/2021 17:36;11.58
REP;22/10/2021 17:36;11.47
REP;29/10/2021 17:36;11.06
REP;05/11/2021 17:36;10.81
REP;12/11/2021 17:36;10.88
REP;19/11/2021 17:36;10.37
REP;26/11/2021 17:36;9.71
REP;03/12/2021 17:36;10.06
REP;10/12/2021 17:36;10.1
REP;17/12/2021 17:36;9.94
REP;23/12/2021 17:36;10.37
REP;30/12/2021 17:36;10.44
REP;07/01/2022 17:36;10.83
REP;14/01/2022 17:36;11.24
REP;21/01/2022 17:36;10.66
REP;28/01/2022 17:36;11.19
REP;04/02/2022 17:36;11.49
REP;11/02/2022 17:36;11.87
REP;18/02/2022 17:36;11.73
REP;25/02/2022 17:36;11.59
REP;04/03/2022 17:36;11.47
REP;11/03/2022 17:36;11.63
REP;18/03/2022 17:36;11.22
REP;25/03/2022 17:36;12.16
REP;01/04/2022 17:36;11.95
REP;08/04/2022 17:36;12.83
REP;14/04/2022 17:36;13.77
REP;22/04/2022 17:36;13.2
REP;29/04/2022 17:36;14.29
REP;06/05/2022 17:36;14.84
REP;13/05/2022 17:36;14.26
REP;20/05/2022 17:36;14.41
REP;27/05/2022 17:36;14.99
REP;03/06/2022 17:36;15.16
REP;10/06/2022 17:36;15.49
REP;17/06/2022 17:36;13.74
REP;24/06/2022 17:36;13.75
REP;01/07/2022 17:36;13.48
REP;08/07/2022 17:36;12.98
REP;15/07/2022 17:36;11.89
REP;22/07/2022 17:36;12.03
REP;29/07/2022 17:36;12.13
REP;05/08/2022 17:36;11.84
REP;12/08/2022 17:36;12.65
REP;19/08/2022 17:36;13.08
REP;26/08/2022 17:36;13.43
REP;02/09/2022 17:36;13.38
REP;09/09/2022 17:36;13.11
REP;16/09/2022 17:36;11.96
REP;23/09/2022 17:36;11.36
REP;30/09/2022 17:36;11.81
ROVI;15/10/2021 17:36;56.3
ROVI;22/10/2021 17:36;60
ROVI;29/10/2021 17:36;60.6
ROVI;05/11/2021 17:36;56.9
ROVI;12/11/2021 17:36;58.4
ROVI;19/11/2021 17:36;61
ROVI;26/11/2021 17:36;62.7
ROVI;03/12/2021 17:36;62.6
ROVI;10/12/2021 17:36;66.7
ROVI;17/12/2021 17:36;69.1
ROVI;23/12/2021 17:36;72
ROVI;30/12/2021 17:36;73.8
ROVI;07/01/2022 17:36;67.7
ROVI;14/01/2022 17:36;65.7
ROVI;21/01/2022 17:36;63
ROVI;28/01/2022 17:36;63
ROVI;04/02/2022 17:36;66.5
ROVI;11/02/2022 17:36;65.1
ROVI;18/02/2022 17:36;68.3
ROVI;25/02/2022 17:36;71.8
ROVI;04/03/2022 17:36;66.3
ROVI;11/03/2022 17:36;69.1
ROVI;18/03/2022 17:36;68.7
ROVI;25/03/2022 17:36;68.3
ROVI;01/04/2022 17:36;65.85
ROVI;08/04/2022 17:36;69.9
ROVI;14/04/2022 17:36;66.6
ROVI;22/04/2022 17:36;62.5
ROVI;29/04/2022 17:36;65.2
ROVI;06/05/2022 17:36;62.75
ROVI;13/05/2022 17:36;59.45
ROVI;20/05/2022 17:36;59.9
ROVI;27/05/2022 17:36;61.25
ROVI;03/06/2022 17:36;61.55
ROVI;10/06/2022 17:36;56.9
ROVI;17/06/2022 17:36;56.5
ROVI;24/06/2022 17:36;59.5
ROVI;01/07/2022 17:36;57.65
ROVI;08/07/2022 17:36;60.9
ROVI;15/07/2022 17:36;59
ROVI;22/07/2022 17:36;59.75
ROVI;29/07/2022 17:36;51
ROVI;05/08/2022 17:36;50.15
ROVI;12/08/2022 17:36;51.3
ROVI;19/08/2022 17:36;50.95
ROVI;26/08/2022 17:36;49.98
ROVI;02/09/2022 17:36;49.02
ROVI;09/09/2022 17:36;46.7
ROVI;16/09/2022 17:36;45.66
ROVI;23/09/2022 17:36;41.72
ROVI;30/09/2022 17:36;44.2
SAB;15/10/2021 17:36;0.67
SAB;22/10/2021 17:36;0.65
SAB;29/10/2021 17:36;0.7
SAB;05/11/2021 17:36;0.67
SAB;12/11/2021 17:36;0.68
SAB;19/11/2021 17:36;0.61
SAB;26/11/2021 17:36;0.59
SAB;03/12/2021 17:36;0.58
SAB;10/12/2021 17:36;0.59
SAB;17/12/2021 17:36;0.56
SAB;23/12/2021 17:36;0.59
SAB;30/12/2021 17:36;0.59
SAB;07/01/2022 17:36;0.66
SAB;14/01/2022 17:36;0.66
SAB;21/01/2022 17:36;0.64
SAB;28/01/2022 17:36;0.68
SAB;04/02/2022 17:36;0.84
SAB;11/02/2022 17:36;0.94
SAB;18/02/2022 17:36;0.9
SAB;25/02/2022 17:36;0.82
SAB;04/03/2022 17:36;0.64
SAB;11/03/2022 17:36;0.7
SAB;18/03/2022 17:36;0.74
SAB;25/03/2022 17:36;0.73
SAB;01/04/2022 17:36;0.75
SAB;08/04/2022 17:36;0.74
SAB;14/04/2022 17:36;0.73
SAB;22/04/2022 17:36;0.78
SAB;29/04/2022 17:36;0.74
SAB;06/05/2022 17:36;0.68
SAB;13/05/2022 17:36;0.71
SAB;20/05/2022 17:36;0.73
SAB;27/05/2022 17:36;0.83
SAB;03/06/2022 17:36;0.82
SAB;10/06/2022 17:36;0.79
SAB;17/06/2022 17:36;0.8
SAB;24/06/2022 17:36;0.81
SAB;01/07/2022 17:36;0.76
SAB;08/07/2022 17:36;0.68
SAB;15/07/2022 17:36;0.62
SAB;22/07/2022 17:36;0.63
SAB;29/07/2022 17:36;0.62
SAB;05/08/2022 17:36;0.66
SAB;12/08/2022 17:36;0.68
SAB;19/08/2022 17:36;0.65
SAB;26/08/2022 17:36;0.64
SAB;02/09/2022 17:36;0.69
SAB;09/09/2022 17:36;0.74
SAB;16/09/2022 17:36;0.75
SAB;23/09/2022 17:36;0.79
SAB;30/09/2022 17:36;0.69
SAN;15/10/2021 17:36;3.35
SAN;22/10/2021 17:36;3.28
SAN;29/10/2021 17:36;3.28
SAN;05/11/2021 17:36;3.28
SAN;12/11/2021 17:36;3.19
SAN;19/11/2021 17:36;3.06
SAN;26/11/2021 17:36;2.78
SAN;03/12/2021 17:36;2.76
SAN;10/12/2021 17:36;2.7
SAN;17/12/2021 17:36;2.78
SAN;23/12/2021 17:36;2.9
SAN;30/12/2021 17:36;2.94
SAN;07/01/2022 17:36;3.11
SAN;14/01/2022 17:36;3.17
SAN;21/01/2022 17:36;3.08
SAN;28/01/2022 17:36;3.15
SAN;04/02/2022 17:36;3.25
SAN;11/02/2022 17:36;3.48
SAN;18/02/2022 17:36;3.32
SAN;25/02/2022 17:36;3.12
SAN;04/03/2022 17:36;2.72
SAN;11/03/2022 17:36;2.86
SAN;18/03/2022 17:36;3.12
SAN;25/03/2022 17:36;3.06
SAN;01/04/2022 17:36;3.18
SAN;08/04/2022 17:36;3.12
SAN;14/04/2022 17:36;3.15
SAN;22/04/2022 17:36;3.17
SAN;29/04/2022 17:36;2.82
SAN;06/05/2022 17:36;2.65
SAN;13/05/2022 17:36;2.73
SAN;20/05/2022 17:36;2.74
SAN;27/05/2022 17:36;3.04
SAN;03/06/2022 17:36;2.96
SAN;10/06/2022 17:36;2.7
SAN;17/06/2022 17:36;2.7
SAN;24/06/2022 17:36;2.76
SAN;01/07/2022 17:36;2.68
SAN;08/07/2022 17:36;2.61
SAN;15/07/2022 17:36;2.41
SAN;22/07/2022 17:36;2.43
SAN;29/07/2022 17:36;2.44
SAN;05/08/2022 17:36;2.5
SAN;12/08/2022 17:36;2.67
SAN;19/08/2022 17:36;2.53
SAN;26/08/2022 17:36;2.41
SAN;02/09/2022 17:36;2.43
SAN;09/09/2022 17:36;2.54
SAN;16/09/2022 17:36;2.65
SAN;23/09/2022 17:36;2.52
SAN;30/09/2022 17:36;2.4
SCYR;15/10/2021 17:36;2.38
SCYR;22/10/2021 17:36;2.43
SCYR;29/10/2021 17:36;2.46
SCYR;05/11/2021 17:36;2.29
SCYR;12/11/2021 17:36;2.23
SCYR;19/11/2021 17:36;2.15
SCYR;26/11/2021 17:36;2.06
SCYR;03/12/2021 17:36;2.11
SCYR;10/12/2021 17:36;2.15
SCYR;17/12/2021 17:36;2.11
SCYR;23/12/2021 17:36;2.2
SCYR;30/12/2021 17:36;2.29
SCYR;07/01/2022 17:36;2.26
SCYR;14/01/2022 17:36;2.27
SCYR;21/01/2022 17:36;2.24
SCYR;28/01/2022 17:36;2.2
SCYR;04/02/2022 17:36;2.24
SCYR;11/02/2022 17:36;2.3
SCYR;18/02/2022 17:36;2.22
SCYR;25/02/2022 17:36;2.11
SCYR;04/03/2022 17:36;1.92
SCYR;11/03/2022 17:36;2.01
SCYR;18/03/2022 17:36;2.06
SCYR;25/03/2022 17:36;2.12
SCYR;01/04/2022 17:36;2.22
SCYR;08/04/2022 17:36;2.35
SCYR;14/04/2022 17:36;2.58
SCYR;22/04/2022 17:36;2.52
SCYR;29/04/2022 17:36;2.58
SCYR;06/05/2022 17:36;2.53
SCYR;13/05/2022 17:36;2.45
SCYR;20/05/2022 17:36;2.54
SCYR;27/05/2022 17:36;2.69
SCYR;03/06/2022 17:36;2.59
SCYR;10/06/2022 17:36;2.55
SCYR;17/06/2022 17:36;2.38
SCYR;24/06/2022 17:36;2.39
SCYR;01/07/2022 17:36;2.33
SCYR;08/07/2022 17:36;2.32
SCYR;15/07/2022 17:36;2.24
SCYR;22/07/2022 17:36;2.28
SCYR;29/07/2022 17:36;2.23
SCYR;05/08/2022 17:36;2.23
SCYR;12/08/2022 17:36;2.37
SCYR;19/08/2022 17:36;2.32
SCYR;26/08/2022 17:36;2.22
SCYR;02/09/2022 17:36;2.24
SCYR;09/09/2022 17:36;2.29
SCYR;16/09/2022 17:36;2.34
SCYR;23/09/2022 17:36;2.08
SCYR;30/09/2022 17:36;2.24
SGRE;15/10/2021 17:36;20.81
SGRE;22/10/2021 17:36;21.92
SGRE;29/10/2021 17:36;23.43
SGRE;05/11/2021 17:36;18.79
SGRE;12/11/2021 17:36;22.15
SGRE;19/11/2021 17:36;21.91
SGRE;26/11/2021 17:36;23.38
SGRE;03/12/2021 17:36;21.2
SGRE;10/12/2021 17:36;21.17
SGRE;17/12/2021 17:36;20.75
SGRE;23/12/2021 17:36;21.17
SGRE;30/12/2021 17:36;21.07
SGRE;07/01/2022 17:36;20.09
SGRE;14/01/2022 17:36;19.09
SGRE;21/01/2022 17:36;16.29
SGRE;28/01/2022 17:36;18.54
SGRE;04/02/2022 17:36;17.52
SGRE;11/02/2022 17:36;16.52
SGRE;18/02/2022 17:36;16.28
SGRE;25/02/2022 17:36;18.12
SGRE;04/03/2022 17:36;16.99
SGRE;11/03/2022 17:36;18.93
SGRE;18/03/2022 17:36;18.2
SGRE;25/03/2022 17:36;15.68
SGRE;01/04/2022 17:36;15.95
SGRE;08/04/2022 17:36;16.05
SGRE;14/04/2022 17:36;14.91
SGRE;22/04/2022 17:36;15.16
SGRE;29/04/2022 17:36;15.33
SGRE;06/05/2022 17:36;13.95
SGRE;13/05/2022 17:36;13.3
SGRE;20/05/2022 17:36;16.75
SGRE;27/05/2022 17:36;17.94
SGRE;03/06/2022 17:36;18.02
SGRE;10/06/2022 17:36;17.94
SGRE;17/06/2022 17:36;17.86
SGRE;24/06/2022 17:36;17.85
SGRE;01/07/2022 17:36;17.84
SGRE;08/07/2022 17:36;17.92
SGRE;15/07/2022 17:36;17.86
SGRE;22/07/2022 17:36;17.91
SGRE;29/07/2022 17:36;17.93
SGRE;05/08/2022 17:36;17.92
SGRE;12/08/2022 17:36;17.93
SGRE;19/08/2022 17:36;17.97
SGRE;26/08/2022 17:36;17.93
SGRE;02/09/2022 17:36;17.93
SGRE;09/09/2022 17:36;17.95
SGRE;16/09/2022 17:36;17.97
SGRE;23/09/2022 17:36;17.93
SGRE;30/09/2022 17:36;17.93
SLR;15/10/2021 17:36;14.93
SLR;22/10/2021 17:36;16.96
SLR;29/10/2021 17:36;17.27
SLR;05/11/2021 17:36;15.69
SLR;12/11/2021 17:36;16.26
SLR;19/11/2021 17:36;16.6
SLR;26/11/2021 17:36;16.61
SLR;03/12/2021 17:36;15.71
SLR;10/12/2021 17:36;16.08
SLR;17/12/2021 17:36;16.13
SLR;23/12/2021 17:36;17.56
SLR;30/12/2021 17:36;17.12
SLR;07/01/2022 17:36;15.63
SLR;14/01/2022 17:36;15.71
SLR;21/01/2022 17:36;15.52
SLR;28/01/2022 17:36;14.77
SLR;04/02/2022 17:36;14.64
SLR;11/02/2022 17:36;13.97
SLR;18/02/2022 17:36;13.41
SLR;25/02/2022 17:36;15
SLR;04/03/2022 17:36;16.35
SLR;11/03/2022 17:36;20.79
SLR;18/03/2022 17:36;19.76
SLR;25/03/2022 17:36;19.97
SLR;01/04/2022 17:36;20.77
SLR;08/04/2022 17:36;22.91
SLR;14/04/2022 17:36;21.83
SLR;22/04/2022 17:36;21.19
SLR;29/04/2022 17:36;21.32
SLR;06/05/2022 17:36;20.34
SLR;13/05/2022 17:36;20.67
SLR;20/05/2022 17:36;21.86
SLR;27/05/2022 17:36;23.09
SLR;03/06/2022 17:36;21.79
SLR;10/06/2022 17:36;21.54
SLR;17/06/2022 17:36;20.06
SLR;24/06/2022 17:36;21
SLR;01/07/2022 17:36;20.68
SLR;08/07/2022 17:36;22.14
SLR;15/07/2022 17:36;20.61
SLR;22/07/2022 17:36;21.63
SLR;29/07/2022 17:36;22.47
SLR;05/08/2022 17:36;22.59
SLR;12/08/2022 17:36;22.02
SLR;19/08/2022 17:36;22.4
SLR;26/08/2022 17:36;23.39
SLR;02/09/2022 17:36;19.92
SLR;09/09/2022 17:36;21.04
SLR;16/09/2022 17:36;20.26
SLR;23/09/2022 17:36;17.34
SLR;30/09/2022 17:36;16.17
TEF;15/10/2021 17:36;3.8
TEF;22/10/2021 17:36;3.77
TEF;29/10/2021 17:36;3.76
TEF;05/11/2021 17:36;3.77
TEF;12/11/2021 17:36;3.96
TEF;19/11/2021 17:36;3.97
TEF;26/11/2021 17:36;3.91
TEF;03/12/2021 17:36;3.67
TEF;10/12/2021 17:36;3.72
TEF;17/12/2021 17:36;3.86
TEF;23/12/2021 17:36;3.9
TEF;30/12/2021 17:36;3.85
TEF;07/01/2022 17:36;3.91
TEF;14/01/2022 17:36;4.03
TEF;21/01/2022 17:36;4
TEF;28/01/2022 17:36;4.16
TEF;04/02/2022 17:36;4.16
TEF;11/02/2022 17:36;4.42
TEF;18/02/2022 17:36;4.37
TEF;25/02/2022 17:36;4.25
TEF;04/03/2022 17:36;3.96
TEF;11/03/2022 17:36;3.99
TEF;18/03/2022 17:36;4.17
TEF;25/03/2022 17:36;4.24
TEF;01/04/2022 17:36;4.42
TEF;08/04/2022 17:36;4.63
TEF;14/04/2022 17:36;5
TEF;22/04/2022 17:36;4.85
TEF;29/04/2022 17:36;4.63
TEF;06/05/2022 17:36;4.72
TEF;13/05/2022 17:36;4.78
TEF;20/05/2022 17:36;4.69
TEF;27/05/2022 17:36;4.95
TEF;03/06/2022 17:36;4.66
TEF;10/06/2022 17:36;4.48
TEF;17/06/2022 17:36;4.4
TEF;24/06/2022 17:36;4.73
TEF;01/07/2022 17:36;4.87
TEF;08/07/2022 17:36;4.72
TEF;15/07/2022 17:36;4.66
TEF;22/07/2022 17:36;4.39
TEF;29/07/2022 17:36;4.36
TEF;05/08/2022 17:36;4.28
TEF;12/08/2022 17:36;4.27
TEF;19/08/2022 17:36;4.25
TEF;26/08/2022 17:36;4.14
TEF;02/09/2022 17:36;4.17
TEF;09/09/2022 17:36;3.93
TEF;16/09/2022 17:36;3.86
TEF;23/09/2022 17:36;3.66
TEF;30/09/2022 17:36;3.38
